#CODE;ENGLISH;FRENCH;GERMAN;;SPANISH;;;;;;;;;x
PROV1;Prov1;FRENCH;GERMAN;;SPANISH;;;;;;;;;x
PROV2;Prov2;FRENCH;GERMAN;;SPANISH;;;;;;;;;x
PROV3;Prov3;FRENCH;GERMAN;;SPANISH;;;;;;;;;x
PROV4;Prov4;FRENCH;GERMAN;;SPANISH;;;;;;;;;x
PROV5;Prov5;FRENCH;GERMAN;;SPANISH;;;;;;;;;x
PROV6;Prov6;FRENCH;GERMAN;;SPANISH;;;;;;;;;x
PROV7;Prov7;FRENCH;GERMAN;;SPANISH;;;;;;;;;x
PROV8;Prov8;FRENCH;GERMAN;;SPANISH;;;;;;;;;x
PROV9;Prov9;FRENCH;GERMAN;;SPANISH;;;;;;;;;x
PROV10;Prov10;FRENCH;GERMAN;;SPANISH;;;;;;;;;x
PROV11;Prov11;FRENCH;GERMAN;;SPANISH;;;;;;;;;x
PROV12;Prov12;FRENCH;GERMAN;;SPANISH;;;;;;;;;x
PROV13;Prov13;FRENCH;GERMAN;;SPANISH;;;;;;;;;x
PROV14;Prov14;FRENCH;GERMAN;;SPANISH;;;;;;;;;x
PROV15;Prov15;FRENCH;GERMAN;;SPANISH;;;;;;;;;x
PROV16;Prov16;FRENCH;GERMAN;;SPANISH;;;;;;;;;x
PROV17;Prov17;FRENCH;GERMAN;;SPANISH;;;;;;;;;x
PROV18;Prov18;FRENCH;GERMAN;;SPANISH;;;;;;;;;x
PROV19;Prov19;FRENCH;GERMAN;;SPANISH;;;;;;;;;x
PROV20;Prov20;FRENCH;GERMAN;;SPANISH;;;;;;;;;x
PROV21;Prov21;FRENCH;GERMAN;;SPANISH;;;;;;;;;x
PROV22;Prov22;FRENCH;GERMAN;;SPANISH;;;;;;;;;x
PROV23;Prov23;FRENCH;GERMAN;;SPANISH;;;;;;;;;x
PROV24;Prov24;FRENCH;GERMAN;;SPANISH;;;;;;;;;x
PROV25;Prov25;FRENCH;GERMAN;;SPANISH;;;;;;;;;x
PROV26;Prov26;FRENCH;GERMAN;;SPANISH;;;;;;;;;x
PROV27;Prov27;FRENCH;GERMAN;;SPANISH;;;;;;;;;x
PROV28;Prov28;FRENCH;GERMAN;;SPANISH;;;;;;;;;x
PROV29;Schpitsbog;FRENCH;GERMAN;;SPANISH;;;;;;;;;x
PROV30;Prov30;FRENCH;GERMAN;;SPANISH;;;;;;;;;x
PROV31;Prov31;FRENCH;GERMAN;;SPANISH;;;;;;;;;x
PROV32;Prov32;FRENCH;GERMAN;;SPANISH;;;;;;;;;x
PROV33;Prov33;FRENCH;GERMAN;;SPANISH;;;;;;;;;x
PROV34;Prov34;FRENCH;GERMAN;;SPANISH;;;;;;;;;x
PROV35;Prov35;FRENCH;GERMAN;;SPANISH;;;;;;;;;x
PROV36;Prov36;FRENCH;GERMAN;;SPANISH;;;;;;;;;x
PROV37;Prov37;FRENCH;GERMAN;;SPANISH;;;;;;;;;x
PROV38;Prov38;FRENCH;GERMAN;;SPANISH;;;;;;;;;x
PROV39;Prov39;FRENCH;GERMAN;;SPANISH;;;;;;;;;x
PROV40;Prov40;FRENCH;GERMAN;;SPANISH;;;;;;;;;x
PROV41;Prov41;FRENCH;GERMAN;;SPANISH;;;;;;;;;x
PROV42;Prov42;FRENCH;GERMAN;;SPANISH;;;;;;;;;x
PROV43;Prov43;FRENCH;GERMAN;;SPANISH;;;;;;;;;x
PROV44;Prov44;FRENCH;GERMAN;;SPANISH;;;;;;;;;x
PROV45;Prov45;FRENCH;GERMAN;;SPANISH;;;;;;;;;x
PROV46;Prov46;FRENCH;GERMAN;;SPANISH;;;;;;;;;x
PROV47;Prov47;FRENCH;GERMAN;;SPANISH;;;;;;;;;x
PROV48;Prov48;FRENCH;GERMAN;;SPANISH;;;;;;;;;x
PROV49;Prov49;FRENCH;GERMAN;;SPANISH;;;;;;;;;x
PROV50;Prov50;FRENCH;GERMAN;;SPANISH;;;;;;;;;x
PROV51;Prov51;FRENCH;GERMAN;;SPANISH;;;;;;;;;x
PROV52;Prov52;FRENCH;GERMAN;;SPANISH;;;;;;;;;x
PROV53;Prov53;FRENCH;GERMAN;;SPANISH;;;;;;;;;x
PROV54;Prov54;FRENCH;GERMAN;;SPANISH;;;;;;;;;x
PROV55;Prov55;FRENCH;GERMAN;;SPANISH;;;;;;;;;x
PROV56;Prov56;FRENCH;GERMAN;;SPANISH;;;;;;;;;x
PROV57;Prov57;FRENCH;GERMAN;;SPANISH;;;;;;;;;x
PROV58;Prov58;FRENCH;GERMAN;;SPANISH;;;;;;;;;x
PROV59;Prov59;FRENCH;GERMAN;;SPANISH;;;;;;;;;x
PROV60;Prov60;FRENCH;GERMAN;;SPANISH;;;;;;;;;x
PROV61;Prov61;FRENCH;GERMAN;;SPANISH;;;;;;;;;x
PROV62;Prov62;FRENCH;GERMAN;;SPANISH;;;;;;;;;x
PROV63;Prov63;FRENCH;GERMAN;;SPANISH;;;;;;;;;x
PROV64;Prov64;FRENCH;GERMAN;;SPANISH;;;;;;;;;x
PROV65;Prov65;FRENCH;GERMAN;;SPANISH;;;;;;;;;x
PROV66;Prov66;FRENCH;GERMAN;;SPANISH;;;;;;;;;x
PROV67;Prov67;FRENCH;GERMAN;;SPANISH;;;;;;;;;x
PROV68;Prov68;FRENCH;GERMAN;;SPANISH;;;;;;;;;x
PROV69;Prov69;FRENCH;GERMAN;;SPANISH;;;;;;;;;x
PROV70;Prov70;FRENCH;GERMAN;;SPANISH;;;;;;;;;x
PROV71;Prov71;FRENCH;GERMAN;;SPANISH;;;;;;;;;x
PROV72;Prov72;FRENCH;GERMAN;;SPANISH;;;;;;;;;x
PROV73;Prov73;FRENCH;GERMAN;;SPANISH;;;;;;;;;x
PROV74;Prov74;FRENCH;GERMAN;;SPANISH;;;;;;;;;x
PROV75;Prov75;FRENCH;GERMAN;;SPANISH;;;;;;;;;x
PROV76;Prov76;FRENCH;GERMAN;;SPANISH;;;;;;;;;x
PROV77;Prov77;FRENCH;GERMAN;;SPANISH;;;;;;;;;x
PROV78;Prov78;FRENCH;GERMAN;;SPANISH;;;;;;;;;x
PROV79;Prov79;FRENCH;GERMAN;;SPANISH;;;;;;;;;x
PROV80;Prov80;FRENCH;GERMAN;;SPANISH;;;;;;;;;x
PROV81;Prov81;FRENCH;GERMAN;;SPANISH;;;;;;;;;x
PROV82;Prov82;FRENCH;GERMAN;;SPANISH;;;;;;;;;x
PROV83;Prov83;FRENCH;GERMAN;;SPANISH;;;;;;;;;x
PROV84;Prov84;FRENCH;GERMAN;;SPANISH;;;;;;;;;x
PROV85;Prov85;FRENCH;GERMAN;;SPANISH;;;;;;;;;x
PROV86;Prov86;FRENCH;GERMAN;;SPANISH;;;;;;;;;x
PROV87;Prov87;FRENCH;GERMAN;;SPANISH;;;;;;;;;x
PROV88;Prov88;FRENCH;GERMAN;;SPANISH;;;;;;;;;x
PROV89;Prov89;FRENCH;GERMAN;;SPANISH;;;;;;;;;x
PROV90;Prov90;FRENCH;GERMAN;;SPANISH;;;;;;;;;x
PROV91;Prov91;FRENCH;GERMAN;;SPANISH;;;;;;;;;x
PROV92;Prov92;FRENCH;GERMAN;;SPANISH;;;;;;;;;x
PROV93;Prov93;FRENCH;GERMAN;;SPANISH;;;;;;;;;x
PROV94;Prov94;FRENCH;GERMAN;;SPANISH;;;;;;;;;x
PROV95;Prov95;FRENCH;GERMAN;;SPANISH;;;;;;;;;x
PROV96;Prov96;FRENCH;GERMAN;;SPANISH;;;;;;;;;x
PROV97;Prov97;FRENCH;GERMAN;;SPANISH;;;;;;;;;x
PROV98;Prov98;FRENCH;GERMAN;;SPANISH;;;;;;;;;x
PROV99;Prov99;FRENCH;GERMAN;;SPANISH;;;;;;;;;x
PROV100;Prov100;FRENCH;GERMAN;;SPANISH;;;;;;;;;x
PROV101;Prov101;FRENCH;GERMAN;;SPANISH;;;;;;;;;x
PROV102;Prov102;FRENCH;GERMAN;;SPANISH;;;;;;;;;x
PROV103;Prov103;FRENCH;GERMAN;;SPANISH;;;;;;;;;x
PROV104;Prov104;FRENCH;GERMAN;;SPANISH;;;;;;;;;x
PROV105;Prov105;FRENCH;GERMAN;;SPANISH;;;;;;;;;x
PROV106;Prov106;FRENCH;GERMAN;;SPANISH;;;;;;;;;x
PROV107;Prov107;FRENCH;GERMAN;;SPANISH;;;;;;;;;x
PROV108;Prov108;FRENCH;GERMAN;;SPANISH;;;;;;;;;x
PROV109;Prov109;FRENCH;GERMAN;;SPANISH;;;;;;;;;x
PROV110;Prov110;FRENCH;GERMAN;;SPANISH;;;;;;;;;x
PROV111;Prov111;FRENCH;GERMAN;;SPANISH;;;;;;;;;x
PROV112;Prov112;FRENCH;GERMAN;;SPANISH;;;;;;;;;x
PROV113;Prov113;FRENCH;GERMAN;;SPANISH;;;;;;;;;x
PROV114;Prov114;FRENCH;GERMAN;;SPANISH;;;;;;;;;x
PROV115;Prov115;FRENCH;GERMAN;;SPANISH;;;;;;;;;x
PROV116;Prov116;FRENCH;GERMAN;;SPANISH;;;;;;;;;x
PROV117;Prov117;FRENCH;GERMAN;;SPANISH;;;;;;;;;x
PROV118;Prov118;FRENCH;GERMAN;;SPANISH;;;;;;;;;x
PROV119;Prov119;FRENCH;GERMAN;;SPANISH;;;;;;;;;x
PROV120;Prov120;FRENCH;GERMAN;;SPANISH;;;;;;;;;x
PROV121;Prov121;FRENCH;GERMAN;;SPANISH;;;;;;;;;x
PROV122;Prov122;FRENCH;GERMAN;;SPANISH;;;;;;;;;x
PROV123;Prov123;FRENCH;GERMAN;;SPANISH;;;;;;;;;x
PROV124;Prov124;FRENCH;GERMAN;;SPANISH;;;;;;;;;x
PROV125;Prov125;FRENCH;GERMAN;;SPANISH;;;;;;;;;x
PROV126;Prov126;FRENCH;GERMAN;;SPANISH;;;;;;;;;x
PROV127;Prov127;FRENCH;GERMAN;;SPANISH;;;;;;;;;x
PROV128;Prov128;FRENCH;GERMAN;;SPANISH;;;;;;;;;x
PROV129;Prov129;FRENCH;GERMAN;;SPANISH;;;;;;;;;x
PROV130;Prov130;FRENCH;GERMAN;;SPANISH;;;;;;;;;x
PROV131;Prov131;FRENCH;GERMAN;;SPANISH;;;;;;;;;x
PROV132;Prov132;FRENCH;GERMAN;;SPANISH;;;;;;;;;x
PROV133;Prov133;FRENCH;GERMAN;;SPANISH;;;;;;;;;x
PROV134;Prov134;FRENCH;GERMAN;;SPANISH;;;;;;;;;x
PROV135;Prov135;FRENCH;GERMAN;;SPANISH;;;;;;;;;x
PROV136;Prov136;FRENCH;GERMAN;;SPANISH;;;;;;;;;x
PROV137;Prov137;FRENCH;GERMAN;;SPANISH;;;;;;;;;x
PROV138;Prov138;FRENCH;GERMAN;;SPANISH;;;;;;;;;x
PROV139;Prov139;FRENCH;GERMAN;;SPANISH;;;;;;;;;x
PROV140;Prov140;FRENCH;GERMAN;;SPANISH;;;;;;;;;x
PROV141;Prov141;FRENCH;GERMAN;;SPANISH;;;;;;;;;x
PROV142;Prov142;FRENCH;GERMAN;;SPANISH;;;;;;;;;x
PROV143;Prov143;FRENCH;GERMAN;;SPANISH;;;;;;;;;x
PROV144;Prov144;FRENCH;GERMAN;;SPANISH;;;;;;;;;x
PROV145;Prov145;FRENCH;GERMAN;;SPANISH;;;;;;;;;x
PROV146;Prov146;FRENCH;GERMAN;;SPANISH;;;;;;;;;x
PROV147;Prov147;FRENCH;GERMAN;;SPANISH;;;;;;;;;x
PROV148;Prov148;FRENCH;GERMAN;;SPANISH;;;;;;;;;x
PROV149;Prov149;FRENCH;GERMAN;;SPANISH;;;;;;;;;x
PROV150;Prov150;FRENCH;GERMAN;;SPANISH;;;;;;;;;x
PROV151;Prov151;FRENCH;GERMAN;;SPANISH;;;;;;;;;x
PROV152;Prov152;FRENCH;GERMAN;;SPANISH;;;;;;;;;x
PROV153;Prov153;FRENCH;GERMAN;;SPANISH;;;;;;;;;x
PROV154;Prov154;FRENCH;GERMAN;;SPANISH;;;;;;;;;x
PROV155;Prov155;FRENCH;GERMAN;;SPANISH;;;;;;;;;x
PROV156;Prov156;FRENCH;GERMAN;;SPANISH;;;;;;;;;x
PROV157;Prov157;FRENCH;GERMAN;;SPANISH;;;;;;;;;x
PROV158;Prov158;FRENCH;GERMAN;;SPANISH;;;;;;;;;x
PROV159;Prov159;FRENCH;GERMAN;;SPANISH;;;;;;;;;x
PROV160;Prov160;FRENCH;GERMAN;;SPANISH;;;;;;;;;x
PROV161;Prov161;FRENCH;GERMAN;;SPANISH;;;;;;;;;x
PROV162;Prov162;FRENCH;GERMAN;;SPANISH;;;;;;;;;x
PROV163;Prov163;FRENCH;GERMAN;;SPANISH;;;;;;;;;x
PROV164;Prov164;FRENCH;GERMAN;;SPANISH;;;;;;;;;x
PROV165;Prov165;FRENCH;GERMAN;;SPANISH;;;;;;;;;x
PROV166;Prov166;FRENCH;GERMAN;;SPANISH;;;;;;;;;x
PROV167;Prov167;FRENCH;GERMAN;;SPANISH;;;;;;;;;x
PROV168;Prov168;FRENCH;GERMAN;;SPANISH;;;;;;;;;x
PROV169;Prov169;FRENCH;GERMAN;;SPANISH;;;;;;;;;x
PROV170;Prov170;FRENCH;GERMAN;;SPANISH;;;;;;;;;x
PROV171;Prov171;FRENCH;GERMAN;;SPANISH;;;;;;;;;x
PROV172;Prov172;FRENCH;GERMAN;;SPANISH;;;;;;;;;x
PROV173;Prov173;FRENCH;GERMAN;;SPANISH;;;;;;;;;x
PROV174;Prov174;FRENCH;GERMAN;;SPANISH;;;;;;;;;x
PROV175;Prov175;FRENCH;GERMAN;;SPANISH;;;;;;;;;x
PROV176;Prov176;FRENCH;GERMAN;;SPANISH;;;;;;;;;x
PROV177;Prov177;FRENCH;GERMAN;;SPANISH;;;;;;;;;x
PROV178;Prov178;FRENCH;GERMAN;;SPANISH;;;;;;;;;x
PROV179;Prov179;FRENCH;GERMAN;;SPANISH;;;;;;;;;x
PROV180;Prov180;FRENCH;GERMAN;;SPANISH;;;;;;;;;x
PROV181;Prov181;FRENCH;GERMAN;;SPANISH;;;;;;;;;x
PROV182;Prov182;FRENCH;GERMAN;;SPANISH;;;;;;;;;x
PROV183;Prov183;FRENCH;GERMAN;;SPANISH;;;;;;;;;x
PROV184;Prov184;FRENCH;GERMAN;;SPANISH;;;;;;;;;x
PROV185;Prov185;FRENCH;GERMAN;;SPANISH;;;;;;;;;x
PROV186;Prov186;FRENCH;GERMAN;;SPANISH;;;;;;;;;x
PROV187;Prov187;FRENCH;GERMAN;;SPANISH;;;;;;;;;x
PROV188;Prov188;FRENCH;GERMAN;;SPANISH;;;;;;;;;x
PROV189;Prov189;FRENCH;GERMAN;;SPANISH;;;;;;;;;x
PROV190;Prov190;FRENCH;GERMAN;;SPANISH;;;;;;;;;x
PROV191;Prov191;FRENCH;GERMAN;;SPANISH;;;;;;;;;x
PROV192;Prov192;FRENCH;GERMAN;;SPANISH;;;;;;;;;x
PROV193;Prov193;FRENCH;GERMAN;;SPANISH;;;;;;;;;x
PROV194;Prov194;FRENCH;GERMAN;;SPANISH;;;;;;;;;x
PROV195;Prov195;FRENCH;GERMAN;;SPANISH;;;;;;;;;x
PROV196;Prov196;FRENCH;GERMAN;;SPANISH;;;;;;;;;x
PROV197;Prov197;FRENCH;GERMAN;;SPANISH;;;;;;;;;x
PROV198;Prov198;FRENCH;GERMAN;;SPANISH;;;;;;;;;x
PROV199;Prov199;FRENCH;GERMAN;;SPANISH;;;;;;;;;x
PROV200;Prov200;FRENCH;GERMAN;;SPANISH;;;;;;;;;x
PROV201;Prov201;FRENCH;GERMAN;;SPANISH;;;;;;;;;x
PROV202;Prov202;FRENCH;GERMAN;;SPANISH;;;;;;;;;x
PROV203;Prov203;FRENCH;GERMAN;;SPANISH;;;;;;;;;x
PROV204;Prov204;FRENCH;GERMAN;;SPANISH;;;;;;;;;x
PROV205;Prov205;FRENCH;GERMAN;;SPANISH;;;;;;;;;x
PROV206;Prov206;FRENCH;GERMAN;;SPANISH;;;;;;;;;x
PROV207;Prov207;FRENCH;GERMAN;;SPANISH;;;;;;;;;x
PROV208;Prov208;FRENCH;GERMAN;;SPANISH;;;;;;;;;x
PROV209;Prov209;FRENCH;GERMAN;;SPANISH;;;;;;;;;x
PROV210;Prov210;FRENCH;GERMAN;;SPANISH;;;;;;;;;x
PROV211;Prov211;FRENCH;GERMAN;;SPANISH;;;;;;;;;x
PROV212;Prov212;FRENCH;GERMAN;;SPANISH;;;;;;;;;x
PROV213;Prov213;FRENCH;GERMAN;;SPANISH;;;;;;;;;x
PROV214;Prov214;FRENCH;GERMAN;;SPANISH;;;;;;;;;x
PROV215;Prov215;FRENCH;GERMAN;;SPANISH;;;;;;;;;x
PROV216;Prov216;FRENCH;GERMAN;;SPANISH;;;;;;;;;x
PROV217;Prov217;FRENCH;GERMAN;;SPANISH;;;;;;;;;x
PROV218;Prov218;FRENCH;GERMAN;;SPANISH;;;;;;;;;x
PROV219;Prov219;FRENCH;GERMAN;;SPANISH;;;;;;;;;x
PROV220;Prov220;FRENCH;GERMAN;;SPANISH;;;;;;;;;x
PROV221;Prov221;FRENCH;GERMAN;;SPANISH;;;;;;;;;x
PROV222;Prov222;FRENCH;GERMAN;;SPANISH;;;;;;;;;x
PROV223;Prov223;FRENCH;GERMAN;;SPANISH;;;;;;;;;x
PROV224;Prov224;FRENCH;GERMAN;;SPANISH;;;;;;;;;x
PROV225;Prov225;FRENCH;GERMAN;;SPANISH;;;;;;;;;x
PROV226;Prov226;FRENCH;GERMAN;;SPANISH;;;;;;;;;x
PROV227;Prov227;FRENCH;GERMAN;;SPANISH;;;;;;;;;x
PROV228;Prov228;FRENCH;GERMAN;;SPANISH;;;;;;;;;x
PROV229;Prov229;FRENCH;GERMAN;;SPANISH;;;;;;;;;x
PROV230;Prov230;FRENCH;GERMAN;;SPANISH;;;;;;;;;x
PROV231;Prov231;FRENCH;GERMAN;;SPANISH;;;;;;;;;x
PROV232;Prov232;FRENCH;GERMAN;;SPANISH;;;;;;;;;x
PROV233;Prov233;FRENCH;GERMAN;;SPANISH;;;;;;;;;x
PROV234;Prov234;FRENCH;GERMAN;;SPANISH;;;;;;;;;x
PROV235;Prov235;FRENCH;GERMAN;;SPANISH;;;;;;;;;x
PROV236;Prov236;FRENCH;GERMAN;;SPANISH;;;;;;;;;x
PROV237;Prov237;FRENCH;GERMAN;;SPANISH;;;;;;;;;x
PROV238;Prov238;FRENCH;GERMAN;;SPANISH;;;;;;;;;x
PROV239;Prov239;FRENCH;GERMAN;;SPANISH;;;;;;;;;x
PROV240;Prov240;FRENCH;GERMAN;;SPANISH;;;;;;;;;x
PROV241;Prov241;FRENCH;GERMAN;;SPANISH;;;;;;;;;x
PROV242;Prov242;FRENCH;GERMAN;;SPANISH;;;;;;;;;x
PROV243;Prov243;FRENCH;GERMAN;;SPANISH;;;;;;;;;x
PROV244;Prov244;FRENCH;GERMAN;;SPANISH;;;;;;;;;x
PROV245;Prov245;FRENCH;GERMAN;;SPANISH;;;;;;;;;x
PROV246;Prov246;FRENCH;GERMAN;;SPANISH;;;;;;;;;x
PROV247;Prov247;FRENCH;GERMAN;;SPANISH;;;;;;;;;x
PROV248;Prov248;FRENCH;GERMAN;;SPANISH;;;;;;;;;x
PROV249;Prov249;FRENCH;GERMAN;;SPANISH;;;;;;;;;x
PROV250;Prov250;FRENCH;GERMAN;;SPANISH;;;;;;;;;x
PROV251;Prov251;FRENCH;GERMAN;;SPANISH;;;;;;;;;x
PROV252;Prov252;FRENCH;GERMAN;;SPANISH;;;;;;;;;x
PROV253;Prov253;FRENCH;GERMAN;;SPANISH;;;;;;;;;x
PROV254;Prov254;FRENCH;GERMAN;;SPANISH;;;;;;;;;x
PROV255;Prov255;FRENCH;GERMAN;;SPANISH;;;;;;;;;x
PROV256;Prov256;FRENCH;GERMAN;;SPANISH;;;;;;;;;x
PROV257;Prov257;FRENCH;GERMAN;;SPANISH;;;;;;;;;x
PROV258;Prov258;FRENCH;GERMAN;;SPANISH;;;;;;;;;x
PROV259;Prov259;FRENCH;GERMAN;;SPANISH;;;;;;;;;x
PROV260;Prov260;FRENCH;GERMAN;;SPANISH;;;;;;;;;x
PROV261;Prov261;FRENCH;GERMAN;;SPANISH;;;;;;;;;x
PROV262;Prov262;FRENCH;GERMAN;;SPANISH;;;;;;;;;x
PROV263;Prov263;FRENCH;GERMAN;;SPANISH;;;;;;;;;x
PROV264;Prov264;FRENCH;GERMAN;;SPANISH;;;;;;;;;x
PROV265;Prov265;FRENCH;GERMAN;;SPANISH;;;;;;;;;x
PROV266;Prov266;FRENCH;GERMAN;;SPANISH;;;;;;;;;x
PROV267;Prov267;FRENCH;GERMAN;;SPANISH;;;;;;;;;x
PROV268;Prov268;FRENCH;GERMAN;;SPANISH;;;;;;;;;x
PROV269;Prov269;FRENCH;GERMAN;;SPANISH;;;;;;;;;x
PROV270;Prov270;FRENCH;GERMAN;;SPANISH;;;;;;;;;x
PROV271;Prov271;FRENCH;GERMAN;;SPANISH;;;;;;;;;x
PROV272;Prov272;FRENCH;GERMAN;;SPANISH;;;;;;;;;x
PROV273;Prov273;FRENCH;GERMAN;;SPANISH;;;;;;;;;x
PROV274;Prov274;FRENCH;GERMAN;;SPANISH;;;;;;;;;x
PROV275;Prov275;FRENCH;GERMAN;;SPANISH;;;;;;;;;x
PROV276;Prov276;FRENCH;GERMAN;;SPANISH;;;;;;;;;x
PROV277;Prov277;FRENCH;GERMAN;;SPANISH;;;;;;;;;x
PROV278;Prov278;FRENCH;GERMAN;;SPANISH;;;;;;;;;x
PROV279;Prov279;FRENCH;GERMAN;;SPANISH;;;;;;;;;x
PROV280;Prov280;FRENCH;GERMAN;;SPANISH;;;;;;;;;x
PROV281;Prov281;FRENCH;GERMAN;;SPANISH;;;;;;;;;x
PROV282;Prov282;FRENCH;GERMAN;;SPANISH;;;;;;;;;x
PROV283;Prov283;FRENCH;GERMAN;;SPANISH;;;;;;;;;x
PROV284;Prov284;FRENCH;GERMAN;;SPANISH;;;;;;;;;x
PROV285;Prov285;FRENCH;GERMAN;;SPANISH;;;;;;;;;x
PROV286;Prov286;FRENCH;GERMAN;;SPANISH;;;;;;;;;x
PROV287;Prov287;FRENCH;GERMAN;;SPANISH;;;;;;;;;x
PROV288;Prov288;FRENCH;GERMAN;;SPANISH;;;;;;;;;x
PROV289;Prov289;FRENCH;GERMAN;;SPANISH;;;;;;;;;x
PROV290;Prov290;FRENCH;GERMAN;;SPANISH;;;;;;;;;x
PROV291;Prov291;FRENCH;GERMAN;;SPANISH;;;;;;;;;x
PROV292;Prov292;FRENCH;GERMAN;;SPANISH;;;;;;;;;x
PROV293;Prov293;FRENCH;GERMAN;;SPANISH;;;;;;;;;x
PROV294;Prov294;FRENCH;GERMAN;;SPANISH;;;;;;;;;x
PROV295;Prov295;FRENCH;GERMAN;;SPANISH;;;;;;;;;x
PROV296;Prov296;FRENCH;GERMAN;;SPANISH;;;;;;;;;x
PROV297;Prov297;FRENCH;GERMAN;;SPANISH;;;;;;;;;x
PROV298;Prov298;FRENCH;GERMAN;;SPANISH;;;;;;;;;x
PROV299;Prov299;FRENCH;GERMAN;;SPANISH;;;;;;;;;x
PROV300;Prov300;FRENCH;GERMAN;;SPANISH;;;;;;;;;x
PROV301;Prov301;FRENCH;GERMAN;;SPANISH;;;;;;;;;x
PROV302;Prov302;FRENCH;GERMAN;;SPANISH;;;;;;;;;x
PROV303;Prov303;FRENCH;GERMAN;;SPANISH;;;;;;;;;x
PROV304;Prov304;FRENCH;GERMAN;;SPANISH;;;;;;;;;x
PROV305;Prov305;FRENCH;GERMAN;;SPANISH;;;;;;;;;x
PROV306;Prov306;FRENCH;GERMAN;;SPANISH;;;;;;;;;x
PROV307;Prov307;FRENCH;GERMAN;;SPANISH;;;;;;;;;x
PROV308;Prov308;FRENCH;GERMAN;;SPANISH;;;;;;;;;x
PROV309;Prov309;FRENCH;GERMAN;;SPANISH;;;;;;;;;x
PROV310;Prov310;FRENCH;GERMAN;;SPANISH;;;;;;;;;x
PROV311;Prov311;FRENCH;GERMAN;;SPANISH;;;;;;;;;x
PROV312;Prov312;FRENCH;GERMAN;;SPANISH;;;;;;;;;x
PROV313;Prov313;FRENCH;GERMAN;;SPANISH;;;;;;;;;x
PROV314;Prov314;FRENCH;GERMAN;;SPANISH;;;;;;;;;x
PROV315;Prov315;FRENCH;GERMAN;;SPANISH;;;;;;;;;x
PROV316;Prov316;FRENCH;GERMAN;;SPANISH;;;;;;;;;x
PROV317;Prov317;FRENCH;GERMAN;;SPANISH;;;;;;;;;x
PROV318;Prov318;FRENCH;GERMAN;;SPANISH;;;;;;;;;x
PROV319;Prov319;FRENCH;GERMAN;;SPANISH;;;;;;;;;x
PROV320;Prov320;FRENCH;GERMAN;;SPANISH;;;;;;;;;x
PROV321;Prov321;FRENCH;GERMAN;;SPANISH;;;;;;;;;x
PROV322;Prov322;FRENCH;GERMAN;;SPANISH;;;;;;;;;x
PROV323;Prov323;FRENCH;GERMAN;;SPANISH;;;;;;;;;x
PROV324;Prov324;FRENCH;GERMAN;;SPANISH;;;;;;;;;x
PROV325;Prov325;FRENCH;GERMAN;;SPANISH;;;;;;;;;x
PROV326;Prov326;FRENCH;GERMAN;;SPANISH;;;;;;;;;x
PROV327;Prov327;FRENCH;GERMAN;;SPANISH;;;;;;;;;x
PROV328;Prov328;FRENCH;GERMAN;;SPANISH;;;;;;;;;x
PROV329;Prov329;FRENCH;GERMAN;;SPANISH;;;;;;;;;x
PROV330;Prov330;FRENCH;GERMAN;;SPANISH;;;;;;;;;x
PROV331;Prov331;FRENCH;GERMAN;;SPANISH;;;;;;;;;x
PROV332;Prov332;FRENCH;GERMAN;;SPANISH;;;;;;;;;x
PROV333;Prov333;FRENCH;GERMAN;;SPANISH;;;;;;;;;x
PROV334;Prov334;FRENCH;GERMAN;;SPANISH;;;;;;;;;x
PROV335;Prov335;FRENCH;GERMAN;;SPANISH;;;;;;;;;x
PROV336;Prov336;FRENCH;GERMAN;;SPANISH;;;;;;;;;x
PROV337;Prov337;FRENCH;GERMAN;;SPANISH;;;;;;;;;x
PROV338;Prov338;FRENCH;GERMAN;;SPANISH;;;;;;;;;x
PROV339;Prov339;FRENCH;GERMAN;;SPANISH;;;;;;;;;x
PROV340;Prov340;FRENCH;GERMAN;;SPANISH;;;;;;;;;x
PROV341;Prov341;FRENCH;GERMAN;;SPANISH;;;;;;;;;x
PROV342;Prov342;FRENCH;GERMAN;;SPANISH;;;;;;;;;x
PROV343;Prov343;FRENCH;GERMAN;;SPANISH;;;;;;;;;x
PROV344;Prov344;FRENCH;GERMAN;;SPANISH;;;;;;;;;x
PROV345;Prov345;FRENCH;GERMAN;;SPANISH;;;;;;;;;x
PROV346;Prov346;FRENCH;GERMAN;;SPANISH;;;;;;;;;x
PROV347;Prov347;FRENCH;GERMAN;;SPANISH;;;;;;;;;x
PROV348;Prov348;FRENCH;GERMAN;;SPANISH;;;;;;;;;x
PROV349;Prov349;FRENCH;GERMAN;;SPANISH;;;;;;;;;x
PROV350;Prov350;FRENCH;GERMAN;;SPANISH;;;;;;;;;x
PROV351;Prov351;FRENCH;GERMAN;;SPANISH;;;;;;;;;x
PROV352;Prov352;FRENCH;GERMAN;;SPANISH;;;;;;;;;x
PROV353;Prov353;FRENCH;GERMAN;;SPANISH;;;;;;;;;x
PROV354;Prov354;FRENCH;GERMAN;;SPANISH;;;;;;;;;x
PROV355;Prov355;FRENCH;GERMAN;;SPANISH;;;;;;;;;x
PROV356;Prov356;FRENCH;GERMAN;;SPANISH;;;;;;;;;x
PROV357;Prov357;FRENCH;GERMAN;;SPANISH;;;;;;;;;x
PROV358;Prov358;FRENCH;GERMAN;;SPANISH;;;;;;;;;x
PROV359;Prov359;FRENCH;GERMAN;;SPANISH;;;;;;;;;x
PROV360;Prov360;FRENCH;GERMAN;;SPANISH;;;;;;;;;x
PROV361;Prov361;FRENCH;GERMAN;;SPANISH;;;;;;;;;x
PROV362;Prov362;FRENCH;GERMAN;;SPANISH;;;;;;;;;x
PROV363;Prov363;FRENCH;GERMAN;;SPANISH;;;;;;;;;x
PROV364;Prov364;FRENCH;GERMAN;;SPANISH;;;;;;;;;x
PROV365;Prov365;FRENCH;GERMAN;;SPANISH;;;;;;;;;x
PROV366;Prov366;FRENCH;GERMAN;;SPANISH;;;;;;;;;x
PROV367;Prov367;FRENCH;GERMAN;;SPANISH;;;;;;;;;x
PROV368;Prov368;FRENCH;GERMAN;;SPANISH;;;;;;;;;x
PROV369;Prov369;FRENCH;GERMAN;;SPANISH;;;;;;;;;x
PROV370;Prov370;FRENCH;GERMAN;;SPANISH;;;;;;;;;x
PROV371;Prov371;FRENCH;GERMAN;;SPANISH;;;;;;;;;x
PROV372;Prov372;FRENCH;GERMAN;;SPANISH;;;;;;;;;x
PROV373;Prov373;FRENCH;GERMAN;;SPANISH;;;;;;;;;x
PROV374;Prov374;FRENCH;GERMAN;;SPANISH;;;;;;;;;x
PROV375;Prov375;FRENCH;GERMAN;;SPANISH;;;;;;;;;x
PROV376;Prov376;FRENCH;GERMAN;;SPANISH;;;;;;;;;x
PROV377;Prov377;FRENCH;GERMAN;;SPANISH;;;;;;;;;x
PROV378;Prov378;FRENCH;GERMAN;;SPANISH;;;;;;;;;x
PROV379;Prov379;FRENCH;GERMAN;;SPANISH;;;;;;;;;x
PROV380;Prov380;FRENCH;GERMAN;;SPANISH;;;;;;;;;x
PROV381;Prov381;FRENCH;GERMAN;;SPANISH;;;;;;;;;x
PROV382;Prov382;FRENCH;GERMAN;;SPANISH;;;;;;;;;x
PROV383;Prov383;FRENCH;GERMAN;;SPANISH;;;;;;;;;x
PROV384;Prov384;FRENCH;GERMAN;;SPANISH;;;;;;;;;x
PROV385;Prov385;FRENCH;GERMAN;;SPANISH;;;;;;;;;x
PROV386;Prov386;FRENCH;GERMAN;;SPANISH;;;;;;;;;x
PROV387;Prov387;FRENCH;GERMAN;;SPANISH;;;;;;;;;x
PROV388;Prov388;FRENCH;GERMAN;;SPANISH;;;;;;;;;x
PROV389;Dragon Continent;FRENCH;GERMAN;;SPANISH;;;;;;;;;x
PROV390;The Vast Desert;FRENCH;GERMAN;;SPANISH;;;;;;;;;x
PROV391;The Happy Mountains;FRENCH;GERMAN;;SPANISH;;;;;;;;;x
PROV392;The North Mountains;FRENCH;GERMAN;;SPANISH;;;;;;;;;x
PROV393;The South Mountains;FRENCH;GERMAN;;SPANISH;;;;;;;;;x
PROV394;The North Ocean;FRENCH;GERMAN;;SPANISH;;;;;;;;;x
PROV395;The South Ocean;FRENCH;GERMAN;;SPANISH;;;;;;;;;x
PROV396;Prov396;FRENCH;GERMAN;;SPANISH;;;;;;;;;x
PROV397;Prov397;FRENCH;GERMAN;;SPANISH;;;;;;;;;x
PROV398;Prov398;FRENCH;GERMAN;;SPANISH;;;;;;;;;x
PROV399;Prov399;FRENCH;GERMAN;;SPANISH;;;;;;;;;x
PROV400;Prov400;FRENCH;GERMAN;;SPANISH;;;;;;;;;x
PROV401;Prov401;FRENCH;GERMAN;;SPANISH;;;;;;;;;x
PROV402;Prov402;FRENCH;GERMAN;;SPANISH;;;;;;;;;x
PROV403;Prov403;FRENCH;GERMAN;;SPANISH;;;;;;;;;x
PROV404;Prov404;FRENCH;GERMAN;;SPANISH;;;;;;;;;x
PROV405;Prov405;FRENCH;GERMAN;;SPANISH;;;;;;;;;x
PROV406;Prov406;FRENCH;GERMAN;;SPANISH;;;;;;;;;x
PROV407;Prov407;FRENCH;GERMAN;;SPANISH;;;;;;;;;x
PROV408;Prov408;FRENCH;GERMAN;;SPANISH;;;;;;;;;x
PROV409;Prov409;FRENCH;GERMAN;;SPANISH;;;;;;;;;x
PROV410;Prov410;FRENCH;GERMAN;;SPANISH;;;;;;;;;x
PROV411;Gabhouku;FRENCH;GERMAN;;SPANISH;;;;;;;;;x
PROV412;Gabhouku;FRENCH;GERMAN;;SPANISH;;;;;;;;;x
PROV413;Gabhouku;FRENCH;GERMAN;;SPANISH;;;;;;;;;x
PROV414;Prov414;FRENCH;GERMAN;;SPANISH;;;;;;;;;x
PROV415;Prov415;FRENCH;GERMAN;;SPANISH;;;;;;;;;x
PROV416;Prov416;FRENCH;GERMAN;;SPANISH;;;;;;;;;x
PROV417;Prov417;FRENCH;GERMAN;;SPANISH;;;;;;;;;x
PROV418;Prov418;FRENCH;GERMAN;;SPANISH;;;;;;;;;x
PROV419;Prov419;FRENCH;GERMAN;;SPANISH;;;;;;;;;x
PROV420;Prov420;FRENCH;GERMAN;;SPANISH;;;;;;;;;x
PROV421;Prov421;FRENCH;GERMAN;;SPANISH;;;;;;;;;x
PROV422;Prov422;FRENCH;GERMAN;;SPANISH;;;;;;;;;x
PROV423;Prov423;FRENCH;GERMAN;;SPANISH;;;;;;;;;x
PROV424;Prov424;FRENCH;GERMAN;;SPANISH;;;;;;;;;x
PROV425;Prov425;FRENCH;GERMAN;;SPANISH;;;;;;;;;x
PROV426;Prov426;FRENCH;GERMAN;;SPANISH;;;;;;;;;x
PROV427;Prov427;FRENCH;GERMAN;;SPANISH;;;;;;;;;x
PROV428;Prov428;FRENCH;GERMAN;;SPANISH;;;;;;;;;x
PROV429;Prov429;FRENCH;GERMAN;;SPANISH;;;;;;;;;x
PROV430;Prov430;FRENCH;GERMAN;;SPANISH;;;;;;;;;x
PROV431;Prov431;FRENCH;GERMAN;;SPANISH;;;;;;;;;x
PROV432;Prov432;FRENCH;GERMAN;;SPANISH;;;;;;;;;x
PROV433;Prov433;FRENCH;GERMAN;;SPANISH;;;;;;;;;x
PROV434;Prov434;FRENCH;GERMAN;;SPANISH;;;;;;;;;x
PROV435;Prov435;FRENCH;GERMAN;;SPANISH;;;;;;;;;x
PROV436;Prov436;FRENCH;GERMAN;;SPANISH;;;;;;;;;x
PROV437;Prov437;FRENCH;GERMAN;;SPANISH;;;;;;;;;x
PROV438;Prov438;FRENCH;GERMAN;;SPANISH;;;;;;;;;x
PROV439;Prov439;FRENCH;GERMAN;;SPANISH;;;;;;;;;x
PROV440;Prov440;FRENCH;GERMAN;;SPANISH;;;;;;;;;x
PROV441;Prov441;FRENCH;GERMAN;;SPANISH;;;;;;;;;x
PROV442;Prov442;FRENCH;GERMAN;;SPANISH;;;;;;;;;x
PROV443;Prov443;FRENCH;GERMAN;;SPANISH;;;;;;;;;x
PROV444;Prov444;FRENCH;GERMAN;;SPANISH;;;;;;;;;x
PROV445;Prov445;FRENCH;GERMAN;;SPANISH;;;;;;;;;x
PROV446;Prov446;FRENCH;GERMAN;;SPANISH;;;;;;;;;x
PROV447;Prov447;FRENCH;GERMAN;;SPANISH;;;;;;;;;x
PROV448;Prov448;FRENCH;GERMAN;;SPANISH;;;;;;;;;x
PROV449;Prov449;FRENCH;GERMAN;;SPANISH;;;;;;;;;x
PROV450;Prov450;FRENCH;GERMAN;;SPANISH;;;;;;;;;x
PROV451;Prov451;FRENCH;GERMAN;;SPANISH;;;;;;;;;x
PROV452;Prov452;FRENCH;GERMAN;;SPANISH;;;;;;;;;x
PROV453;Prov453;FRENCH;GERMAN;;SPANISH;;;;;;;;;x
PROV454;Prov454;FRENCH;GERMAN;;SPANISH;;;;;;;;;x
PROV455;Prov455;FRENCH;GERMAN;;SPANISH;;;;;;;;;x
PROV456;Prov456;FRENCH;GERMAN;;SPANISH;;;;;;;;;x
PROV457;Prov457;FRENCH;GERMAN;;SPANISH;;;;;;;;;x
PROV458;Prov458;FRENCH;GERMAN;;SPANISH;;;;;;;;;x
PROV459;Prov459;FRENCH;GERMAN;;SPANISH;;;;;;;;;x
PROV460;Prov460;FRENCH;GERMAN;;SPANISH;;;;;;;;;x
PROV461;Prov461;FRENCH;GERMAN;;SPANISH;;;;;;;;;x
PROV462;Prov462;FRENCH;GERMAN;;SPANISH;;;;;;;;;x
PROV463;Prov463;FRENCH;GERMAN;;SPANISH;;;;;;;;;x
PROV464;Prov464;FRENCH;GERMAN;;SPANISH;;;;;;;;;x
PROV465;Prov465;FRENCH;GERMAN;;SPANISH;;;;;;;;;x
PROV466;Prov466;FRENCH;GERMAN;;SPANISH;;;;;;;;;x
PROV467;Prov467;FRENCH;GERMAN;;SPANISH;;;;;;;;;x
PROV468;Prov468;FRENCH;GERMAN;;SPANISH;;;;;;;;;x
PROV469;Prov469;FRENCH;GERMAN;;SPANISH;;;;;;;;;x
PROV470;Prov470;FRENCH;GERMAN;;SPANISH;;;;;;;;;x
PROV471;Prov471;FRENCH;GERMAN;;SPANISH;;;;;;;;;x
PROV472;Prov472;FRENCH;GERMAN;;SPANISH;;;;;;;;;x
PROV473;Prov473;FRENCH;GERMAN;;SPANISH;;;;;;;;;x
PROV474;Prov474;FRENCH;GERMAN;;SPANISH;;;;;;;;;x
PROV475;Prov475;FRENCH;GERMAN;;SPANISH;;;;;;;;;x
PROV476;Prov476;FRENCH;GERMAN;;SPANISH;;;;;;;;;x
PROV477;Prov477;FRENCH;GERMAN;;SPANISH;;;;;;;;;x
PROV478;Prov478;FRENCH;GERMAN;;SPANISH;;;;;;;;;x
PROV479;Prov479;FRENCH;GERMAN;;SPANISH;;;;;;;;;x
PROV480;Prov480;FRENCH;GERMAN;;SPANISH;;;;;;;;;x
PROV481;Prov481;FRENCH;GERMAN;;SPANISH;;;;;;;;;x
PROV482;Prov482;FRENCH;GERMAN;;SPANISH;;;;;;;;;x
PROV483;Prov483;FRENCH;GERMAN;;SPANISH;;;;;;;;;x
PROV484;Prov484;FRENCH;GERMAN;;SPANISH;;;;;;;;;x
PROV485;Prov485;FRENCH;GERMAN;;SPANISH;;;;;;;;;x
PROV486;Prov486;FRENCH;GERMAN;;SPANISH;;;;;;;;;x
PROV487;Prov487;FRENCH;GERMAN;;SPANISH;;;;;;;;;x
PROV488;Prov488;FRENCH;GERMAN;;SPANISH;;;;;;;;;x
PROV489;Prov489;FRENCH;GERMAN;;SPANISH;;;;;;;;;x
PROV490;Prov490;FRENCH;GERMAN;;SPANISH;;;;;;;;;x
PROV491;Prov491;FRENCH;GERMAN;;SPANISH;;;;;;;;;x
PROV492;Prov492;FRENCH;GERMAN;;SPANISH;;;;;;;;;x
PROV493;Prov493;FRENCH;GERMAN;;SPANISH;;;;;;;;;x
PROV494;Prov494;FRENCH;GERMAN;;SPANISH;;;;;;;;;x
PROV495;Prov495;FRENCH;GERMAN;;SPANISH;;;;;;;;;x
PROV496;Prov496;FRENCH;GERMAN;;SPANISH;;;;;;;;;x
PROV497;Prov497;FRENCH;GERMAN;;SPANISH;;;;;;;;;x
PROV498;Prov498;FRENCH;GERMAN;;SPANISH;;;;;;;;;x
PROV499;Prov499;FRENCH;GERMAN;;SPANISH;;;;;;;;;x
PROV500;Prov500;FRENCH;GERMAN;;SPANISH;;;;;;;;;x
PROV501;Prov501;FRENCH;GERMAN;;SPANISH;;;;;;;;;x
PROV502;Prov502;FRENCH;GERMAN;;SPANISH;;;;;;;;;x
PROV503;Prov503;FRENCH;GERMAN;;SPANISH;;;;;;;;;x
PROV504;Prov504;FRENCH;GERMAN;;SPANISH;;;;;;;;;x
PROV505;Prov505;FRENCH;GERMAN;;SPANISH;;;;;;;;;x
PROV506;Prov506;FRENCH;GERMAN;;SPANISH;;;;;;;;;x
PROV507;Prov507;FRENCH;GERMAN;;SPANISH;;;;;;;;;x
PROV508;Prov508;FRENCH;GERMAN;;SPANISH;;;;;;;;;x
PROV509;Prov509;FRENCH;GERMAN;;SPANISH;;;;;;;;;x
PROV510;Prov510;FRENCH;GERMAN;;SPANISH;;;;;;;;;x
PROV511;Prov511;FRENCH;GERMAN;;SPANISH;;;;;;;;;x
PROV512;Prov512;FRENCH;GERMAN;;SPANISH;;;;;;;;;x
PROV513;Prov513;FRENCH;GERMAN;;SPANISH;;;;;;;;;x
PROV514;Prov514;FRENCH;GERMAN;;SPANISH;;;;;;;;;x
PROV515;Prov515;FRENCH;GERMAN;;SPANISH;;;;;;;;;x
PROV516;Prov516;FRENCH;GERMAN;;SPANISH;;;;;;;;;x
PROV517;Prov517;FRENCH;GERMAN;;SPANISH;;;;;;;;;x
PROV518;Prov518;FRENCH;GERMAN;;SPANISH;;;;;;;;;x
PROV519;Prov519;FRENCH;GERMAN;;SPANISH;;;;;;;;;x
PROV520;Prov520;FRENCH;GERMAN;;SPANISH;;;;;;;;;x
PROV521;Prov521;FRENCH;GERMAN;;SPANISH;;;;;;;;;x
PROV522;Prov522;FRENCH;GERMAN;;SPANISH;;;;;;;;;x
